id;title;description;test_1;test_2
1;withdrawal Moldovan Leu Intelligent;Analyst Technician;2021-01-02T20:34:01;2021-01-03
2;Washington;Savings Account Grocery;2021-01-02T12:09:03;2021-01-03
3;Baby morph;South Dakota;2021-01-03T05:11:52;2021-01-02
4;Architect;Stream circuit PNG;2021-01-02T16:47:00;2021-01-02
5;Wisconsin Pakistan Rupee proactive;Lead zero administration Pizza;2021-01-03T08:26:21;2021-01-02
6;Clothing optical web-enabled;Bacon backing up Ramp;2021-01-02T15:56:54;2021-01-02
7;Gorgeous Soft Car;Avon interface Orchestrator;2021-01-03T10:01:53;2021-01-03
8;Re-contextualized;Switchable TCP;2021-01-02T12:23:42;2021-01-02
9;Western Sahara Plastic;Engineer input;2021-01-03T02:54:24;2021-01-02
10;Dynamic Chips;methodical Legacy applications;2021-01-02T20:42:01;2021-01-03
